[{"id":"60184061579@s.whatsapp.net","limit":3},{"id":"6283109391179@s.whatsapp.net","limit":1},{"id":"6281377507292@s.whatsapp.net","limit":3},{"id":"6285866295942@s.whatsapp.net","limit":11},{"id":"6281213155925@s.whatsapp.net","limit":3},{"id":"6282339320969@s.whatsapp.net","limit":3},{"id":"6287852772596@s.whatsapp.net","limit":5},{"id":"6283806369677@s.whatsapp.net","limit":13},{"id":"6281337348789@s.whatsapp.net","limit":1},{"id":"6287803054666@s.whatsapp.net","limit":3},{"id":"6281271923672@s.whatsapp.net","limit":4},{"id":"6285524760692@s.whatsapp.net","limit":5},{"id":"6285727093196@s.whatsapp.net","limit":2},{"id":"62895429950899@s.whatsapp.net","limit":5},{"id":"6285876870018@s.whatsapp.net","limit":2},{"id":"6285229715011@s.whatsapp.net","limit":3},{"id":"6287840685413@s.whatsapp.net","limit":8},{"id":"6283155782265@s.whatsapp.net","limit":3},{"id":"6288806284095@s.whatsapp.net","limit":2},{"id":"6282127287206@s.whatsapp.net","limit":1},{"id":"6283162900267@s.whatsapp.net","limit":2},{"id":"6285703279535@s.whatsapp.net","limit":1},{"id":"6282187897746@s.whatsapp.net","limit":12},{"id":"6281527957071@s.whatsapp.net","limit":4},{"id":"6285891095377@s.whatsapp.net","limit":1},{"id":"6285813059261@s.whatsapp.net","limit":4},{"id":"6283178220021@s.whatsapp.net","limit":6},{"id":"6283184488986@s.whatsapp.net","limit":1},{"id":"6285882030096@s.whatsapp.net","limit":2},{"id":"6285798877460@s.whatsapp.net","limit":10},{"id":"6285101604912@s.whatsapp.net","limit":2},{"id":"6285951520956@s.whatsapp.net","limit":7}]
